<?xml version="1.0" encoding="UTF-8"?>

<SETTINGS>
  <INFO>
    <VERSION>0.5.5.4</VERSION>
    <PLUGIN_API_VERSION>7</PLUGIN_API_VERSION>
    <DATE>18 Jan 2023 8:11:53</DATE>
    <OS>Windows 8.0</OS>
    <MACHINE>MSI</MACHINE>
  </INFO>
  <AUDIO sampleRate="48000" bufferSize="1024" deviceType="Windows Audio"/>
  <GLOBAL_TIMESTAMP selected_index="-1" selected_sub_index="0"/>
  <CONTROLPANEL isOpen="0" recordPath="C:\Users\kontex\Documents\Open Ephys"
                prependText="" appendText="" recordEngine="RAWBINARY"/>
  <AUDIOEDITOR isMuted="0" volume="50" noiseGate="0"/>
  <PROCESSORLIST>
    <COLOR ID="801" R="59" G="59" B="59"/>
    <COLOR ID="804" R="241" G="90" B="41"/>
    <COLOR ID="802" R="0" G="174" B="239"/>
    <COLOR ID="803" R="0" G="166" B="81"/>
    <COLOR ID="805" R="147" G="149" B="152"/>
    <COLOR ID="806" R="255" G="0" B="0"/>
    <COLOR ID="807" R="0" G="0" B="0"/>
  </PROCESSORLIST>
  <UICOMPONENT isProcessorListOpen="1" isEditorViewportOpen="1"/>
</SETTINGS>
